{
  "generation": 77,
  "best_distance": 1834.175407409668,
  "best_reward_ever": 1834.175407409668,
  "current_max_time": 1050
}