{
  "generation": 0,
  "best_distance": 89.53371047973633,
  "best_reward_ever": 89.53371047973633,
  "current_max_time": 500,
  "num_champions": 0
}