{
  "generation": 0,
  "best_distance": 169.8817266215067,
  "best_reward_ever": 169.8817266215067,
  "current_max_time": 500,
  "num_champions": 0
}