{
  "generation": 0,
  "best_distance": 274.3151664733887,
  "best_reward_ever": 274.3151664733887,
  "current_max_time": 500,
  "num_champions": 0
}