{
  "generation": 0,
  "best_distance": 249.9751091003418,
  "best_reward_ever": 249.9751091003418,
  "current_max_time": 574
}