{
  "generation": 0,
  "best_distance": 260.2810859680176,
  "best_reward_ever": 260.2810859680176,
  "current_max_time": 500,
  "num_champions": 0
}