{
  "generation": 0,
  "best_distance": 2773.295608520508,
  "best_reward_ever": 2773.295608520508,
  "current_max_time": 1886
}