{
  "generation": 0,
  "best_distance": 10.238075256347656,
  "best_reward_ever": 10.238075256347656,
  "current_max_time": 500,
  "num_champions": 0
}