{
  "generation": 30,
  "best_distance": 1315.3869705200195,
  "best_reward_ever": 1315.3869705200195,
  "current_max_time": 894
}