{
  "generation": 0,
  "best_distance": 142.4565231829411,
  "best_reward_ever": 142.4565231829411,
  "current_max_time": 500,
  "num_champions": 0
}