{
  "generation": 1,
  "best_distance": 667.5288734436035,
  "best_reward_ever": 667.5288734436035,
  "current_max_time": 700
}